Day,IgG,IgM
5.33333333333333,9.16822222222222,3.21933333333333
11.3076923076923,22.8921307692308,10.2355307692308
17.169014084507,31.49,12.3391267605634
24.4285714285714,21.9178571428571,9.54328571428571
