Day,IgG,IgM,IgG_25,IgG_975,IgM_25,IgM_975
10,9.16822222222222,3.21933333333333,0.200225,59.905875,0.1399,28.48895
16,22.8921307692308,10.2355307692308,0.277575,147.653225,0.259025,75.8195
22,31.49,12.3391267605634,1.03275,145.7035,0.383,35.96725
29,21.9178571428571,9.54328571428571,4.37745,47.45555,0.8645,20.35485

