Day,IL6(pg/mL)
4.15957446808511,5.64179104477611
7.13829787234042,6.83582089552239
10.1170212765957,6.71641791044776
13.0957446808511,6.11940298507463
16.1276595744681,6.35820895522388
19.1063829787234,6.95522388059702
